[
  {
    "id": 1,
    "title": "The Mountains at Dawn",
    "author": "Lena Hart",
    "date": "2024-05-01",
    "excerpt": "A peaceful morning hike that turned into my favourite photo session.",
    "body": "I started the hike long before sunrise, guided only by the moon and a dim headlamp. When the sun finally rose, the valley exploded with soft pastel colours. I shot hundreds of frames, but more importantly, I learned to slow down and really observe light.",
    "image": "https://images.unsplash.com/photo-1500534314211-0a24cd03f2c0"
  },
  {
    "id": 2,
    "title": "City Lights",
    "author": "Jun Park",
    "date": "2024-03-14",
    "excerpt": "Long exposures and rainy nights in the busy downtown streets.",
    "body": "Photographing the city at night is all about patience. Waiting for the right taxi to pass, the perfect umbrella to catch reflections, or the traffic lights to sync up. Every frame is a small story about people who will probably never know they were photographed.",
    "image": "https://images.unsplash.com/photo-1469474968028-56623f02e42e"
  },
  {
    "id": 3,
    "title": "Desert Echoes",
    "author": "Mira Patel",
    "date": "2024-01-28",
    "excerpt": "Minimal shapes and endless sand under the harsh sun.",
    "body": "The desert taught me how powerful negative space can be. With almost no objects in the frame, every line and shadow becomes important. I experimented with silhouettes and wide compositions that try to capture the silence of the dunes.",
    "image": "https://images.unsplash.com/photo-1500530855697-b586d89ba3ee"
  }
]