[
  {
    "id": 1,
    "name": "Classic Smash Burger",
    "description": "Double smashed beef patty, cheddar, house sauce, pickles and caramelised onions.",
    "price": 3290,
    "tags": [
      "Beef",
      "Premium"
    ],
    "image": "https://images.unsplash.com/photo-1550547660-d9450f859349"
  },
  {
    "id": 2,
    "name": "Spicy Firestorm",
    "description": "Crispy jalape\u00f1os, pepper jack cheese, chipotle mayo and smoky chilli glaze.",
    "price": 3590,
    "tags": [
      "Beef",
      "Spicy",
      "Premium"
    ],
    "image": "https://images.unsplash.com/photo-1521305916504-4a1121188589"
  },
  {
    "id": 3,
    "name": "Crispy Chicken Supreme",
    "description": "Buttermilk fried chicken, crunchy slaw, honey mustard and dill pickles.",
    "price": 3190,
    "tags": [
      "Chicken",
      "Premium"
    ],
    "image": "https://images.unsplash.com/photo-1617196034796-73dfa7b1fd56"
  },
  {
    "id": 4,
    "name": "Green Garden Stack",
    "description": "Grilled veggie patty, avocado, roasted peppers and basil pesto on brioche.",
    "price": 3090,
    "tags": [
      "Veggie"
    ],
    "image": "https://images.unsplash.com/photo-1546069901-ba9599a7e63c"
  },
  {
    "id": 5,
    "name": "BBQ Bacon Overload",
    "description": "Smoky BBQ glazed beef, crispy bacon, red cheddar and onion rings.",
    "price": 3690,
    "tags": [
      "Beef"
    ],
    "image": "https://images.unsplash.com/photo-1551782450-a2132b4ba21d"
  },
  {
    "id": 6,
    "name": "Hot Honey Chicken",
    "description": "Crispy chicken tossed in hot honey, pickles and cool ranch drizzle.",
    "price": 3290,
    "tags": [
      "Chicken",
      "Spicy"
    ],
    "image": "https://images.unsplash.com/photo-1513104890138-7c749659a591"
  },
  {
    "id": 7,
    "name": "Truffle Smash Burger",
    "description": "Smoked cheddar, truffle mayo and brioche bun.",
    "price": 3890,
    "tags": [
      "Beef",
      "Premium"
    ],
    "image": "https://images.unsplash.com/photo-1551782450-a2132b4ba21d"
  }
]